<?xml version="1.0" encoding="UTF-8"?>

<!-- INSTANCE 1 -->
<Context>
    <Resource name="jdbc/writeDB"
              auth="Container"
              factory="org.apache.tomcat.jdbc.pool.DataSourceFactory"
              type="javax.sql.DataSource"
              driverClassName="com.mysql.cj.jdbc.Driver"
              username="mytestuser"
              password="My6$Password"
              url="jdbc:mysql://172.31.13.224:3306/moviedb?useSSL=false&amp;autoReconnect=true&amp;allowPublicKeyRetrieval=true&amp;cachePrepStmts=true&amp;prepStmtCacheSize=250&amp;prepStmtCacheSqlLimit=2048"
              maxTotal="100" maxIdle="30" maxWaitMillis="10000" />

    <Resource name="jdbc/readDB"
              auth="Container"
              factory="org.apache.tomcat.jdbc.pool.DataSourceFactory"
              type="javax.sql.DataSource"
              driverClassName="com.mysql.cj.jdbc.Driver"
              username="mytestuser"
              password="My6$Password"
              url="jdbc:mysql:loadbalance://172.31.13.224:3306,172.31.10.9:3306/moviedb?useSSL=false&amp;autoReconnect=true&amp;allowPublicKeyRetrieval=true&amp;cachePrepStmts=true&amp;prepStmtCacheSize=250&amp;prepStmtCacheSqlLimit=2048&amp;loadBalanceBlacklistTimeout=5000"
              maxTotal="100" maxIdle="30" maxWaitMillis="10000" />
</Context>


<!-- INSTANCE 2
<?xml version="1.0" encoding="UTF-8"?>
<Context>
    <Resource name="jdbc/writeDB"
              auth="Container"
              factory="org.apache.tomcat.jdbc.pool.DataSourceFactory"
              type="javax.sql.DataSource"
              driverClassName="com.mysql.cj.jdbc.Driver"
              username="mytestuser"
              password="My6$Password"
              url="jdbc:mysql://localhost:3306/moviedb?useSSL=false&amp;autoReconnect=true&amp;allowPublicKeyRetrieval=true&amp;cachePrepStmts=true&amp;prepStmtCacheSize=250&amp;prepStmtCacheSqlLimit=2048"
              maxTotal="100" maxIdle="30" maxWaitMillis="10000" />

    <Resource name="jdbc/readDB"
              auth="Container"
              factory="org.apache.tomcat.jdbc.pool.DataSourceFactory"
              type="javax.sql.DataSource"
              driverClassName="com.mysql.cj.jdbc.Driver"
              username="mytestuser"
              password="My6$Password"
              url="jdbc:mysql:loadbalance://localhost:3306,172.31.10.9:3306/moviedb?useSSL=false&amp;autoReconnect=true&amp;allowPublicKeyRetrieval=true&amp;cachePrepStmts=true&amp;prepStmtCacheSize=250&amp;prepStmtCacheSqlLimit=2048&amp;loadBalanceBlacklistTimeout=5000"
              maxTotal="100" maxIdle="30" maxWaitMillis="10000" />
</Context>
-->


<!-- INSTANCE 3
<?xml version="1.0" encoding="UTF-8"?>
<Context>
    <Resource name="jdbc/writeDB"
              auth="Container"
              factory="org.apache.tomcat.jdbc.pool.DataSourceFactory"
              type="javax.sql.DataSource"
              driverClassName="com.mysql.cj.jdbc.Driver"
              username="mytestuser"
              password="My6$Password"
              url="jdbc:mysql://172.31.13.224:3306/moviedb?useSSL=false&amp;autoReconnect=true&amp;allowPublicKeyRetrieval=true&amp;cachePrepStmts=true&amp;prepStmtCacheSize=250&amp;prepStmtCacheSqlLimit=2048"
              maxTotal="100" maxIdle="30" maxWaitMillis="10000" />

    <Resource name="jdbc/readDB"
              auth="Container"
              factory="org.apache.tomcat.jdbc.pool.DataSourceFactory"
              type="javax.sql.DataSource"
              driverClassName="com.mysql.cj.jdbc.Driver"
              username="mytestuser"
              password="My6$Password"
              url="jdbc:mysql:loadbalance://localhost:3306,172.31.13.224:3306/moviedb?useSSL=false&amp;autoReconnect=true&amp;allowPublicKeyRetrieval=true&amp;cachePrepStmts=true&amp;prepStmtCacheSize=250&amp;prepStmtCacheSqlLimit=2048&amp;loadBalanceBlacklistTimeout=5000"
              maxTotal="100" maxIdle="30" maxWaitMillis="10000" />
</Context>
-->